,Ingredient,numTimes
0,asda,2528
1,chopped,1930
2,oil,1356
3,sliced,1058
4,sugar,992
5,serve,959
6,butter,849
7,large,819
8,red,772
9,pack,736
10,finely,686
11,flour,674
12,olive,648
13,fresh,589
14,grated,568
15,onion,566
16,juice,551
17,garlic,537
18,frozen,522
19,peeled,500
20,sauce,498
21,eggs,474
22,milk,462
23,stock,460
24,special,458
25,chosen,457
26,small,453
27,lemon,441
28,caster,435
29,tomatoes,424
30,sunflower,396
31,ground,395
32,egg,386
33,can,386
34,white,377
35,drained,356
36,dried,349
37,chicken,348
38,crushed,346
39,onions,333
40,potatoes,331
41,powder,318
42,trimmed,317
43,icing,310
44,chilli,309
45,cream,307
46,pepper,307
47,parsley,296
48,halved,294
49,cheese,290
50,zest,285
51,tomato,274
52,fat,271
53,mixed,270
54,spring,269
55,clove,267
56,de-seeded,264
57,pieces,262
58,coriander,253
59,chocolate,242
60,green,236
61,mustard,234
62,baby,233
63,vinegar,232
64,diced,230
65,bread,229
66,beans,218
67,sweet,217
68,beaten,214
69,optional,214
70,vanilla,213
71,ginger,211
72,rice,209
73,fillets,208
74,thyme,206
75,lime,205
76,soft,204
77,cube,202
78,vegetable,199
79,free-range,199
80,cornflour,194
81,honey,194
82,brown,193
83,carrots,190
84,cloves,189
85,extract,187
86,light,185
87,peas,184
88,orange,184
89,beef,183
90,packs,176
91,seeds,170
92,slices,169
93,salt,166
94,unsalted,162
95,wine,160
96,baking,156
97,self-raising,155
98,pastry,155
99,water,155
100,roughly,152
101,double,151
102,cooked,149
103,peppers,148
104,mushrooms,147
105,chunks,147
106,pinch,146
107,softened,143
108,cheddar,142
109,dark,142
110,pork,141
111,soy,137
112,black,137
113,smoked,136
114,rinsed,135
115,cinnamon,134
116,cubes,134
117,cocoa,133
118,mature,133
119,parmesan,132
120,whole,131
121,rapeseed,131
122,made,129
123,ready,129
124,greasing,127
125,breadcrumbs,126
126,spinach,126
127,salad,126
128,cherry,125
129,almonds,125
130,garnish,124
131,wedges,121
132,syrup,120
133,paprika,119
134,rolling,118
135,butchers,117
136,yogurt,117
137,mint,117
138,hot,116
139,crème,115
140,cubed,115
141,melted,115
142,sprigs,114
143,golden,113
144,breast,113
145,reduced,113
146,fraîche,111
147,basil,111
148,herbs,108
149,purée,105
150,leaf,105
151,thinly,105
152,weight,104
153,potato,103
154,smart,103
155,out,103
156,coconut,101
157,bag,99
158,grower’s,99
159,ketchup,98
160,cumin,97
161,cook,96
162,less,94
163,food,94
164,salmon,93
165,butcher’s,93
166,mix,93
167,cans,92
168,quartered,91
169,lamb,91
170,decorate,90
171,flat-leaf,90
172,ripe,90
173,reduced-fat,90
174,semi-skimmed,88
175,jar,87
176,nuts,86
177,sweetcorn,85
178,fish,84
179,dijon,83
180,piece,82
181,removed,82
182,carrot,82
183,bacon,82
184,shredded,82
185,chillies,81
186,pot,81
187,balsamic,80
188,british,80
189,crumbled,78
190,steaks,78
191,lightly,78
192,mince,77
193,cider,77
194,curry,77
195,jam,77
196,chilled,76
197,natural,75
198,apple,75
199,roll,74
200,celery,74
201,greek,73
202,free,73
203,dusting,73
204,steak,73
205,root,71
206,fillet,71
207,spice,71
208,broccoli,70
209,raspberries,70
210,deseeded,70
211,bay,70
212,paste,70
213,colouring,69
214,squash,69
215,grain,69
216,cucumber,69
217,butternut,68
218,dry,68
219,mild,68
220,shallot,68
221,drops,67
222,good,67
223,unwaxed,67
224,bite-sized,67
225,toasted,67
226,lettuce,66
227,stick,66
228,strawberries,66
229,rocket,65
230,only,64
231,noodles,64
232,crusty,64
233,chives,64
234,prawns,64
235,puff,64
236,style,64
237,worcestershire,63
238,pasta,63
239,king,63
240,lean,62
241,apricots,62
242,sesame,62
243,skin,61
244,sticks,60
245,oregano,60
246,sultanas,59
247,sausages,59
248,scratch,59
249,each,58
250,cayenne,58
251,chickpeas,58
252,bunch,58
253,cored,57
254,turkey,57
255,solids,57
256,apples,57
257,ham,56
258,mayonnaise,56
259,stoned,56
260,olives,56
261,washed,56
262,rashers,56
263,shallots,55
264,torn,55
265,shortcrust,55
266,flaked,53
267,nutmeg,53
268,courgettes,53
269,roast,52
270,dr,51
271,mini,51
272,soda,51
273,cherries,50
274,oetker,50
275,lengthways,49
276,freshly,49
277,jelly,49
278,wholemeal,49
279,handful,48
280,rosemary,48
281,mango,48
282,coarse,48
283,strips,47
284,leftover,46
285,thick,46
286,cabbage,46
287,thai,46
288,lemons,46
289,granulated,46
290,broken,46
291,long,45
292,leeks,45
293,yolk,44
294,rolled,44
295,pineapple,44
296,sheets,44
297,blueberries,43
298,flakes,43
299,mozzarella,43
300,turmeric,43
301,bicarbonate,43
302,fruit,42
303,pitted,42
304,cake,42
305,cooking,41
306,reduced-salt,41
307,stem,41
308,little,41
309,bake,41
310,raspberry,41
311,vine-ripened,40
312,lentils,40
313,florets,40
314,pine,40
315,beetroot,39
316,balanced,39
317,dill,39
318,asparagus,39
319,spaghetti,39
320,thickly,38
321,sifted,38
322,boneless,38
323,chorizo,38
324,carton,38
325,cold,38
326,yolks,38
327,loin,37
328,raw,37
329,biscuits,37
330,streaky,37
331,feta,37
332,cod,36
333,italian,36
334,thin,36
335,apricot,36
336,maris,36
337,gel,36
338,piper,35
339,joint,35
340,mascarpone,35
341,sachet,35
342,radishes,35
343,pink,35
344,original,35
345,leek,35
346,separated,34
347,gem,34
348,vegetables,34
349,frying,34
350,blue,34
351,whites,34
352,plum,34
353,tuna,34
354,mangetout,33
355,salted,33
356,soured,33
357,filo,33
358,ice,33
359,amoy,33
360,chutney,33
361,couscous,32
362,basmati,32
363,topping,32
364,bananas,32
365,corn,32
366,chestnut,32
367,mashed,32
368,pistachios,32
369,boiled,32
370,vine,32
371,cous,32
372,pumpkin,32
373,cannellini,32
374,sun-dried,31
375,curly,31
376,virgin,31
377,cauliflower,31
378,brushing,31
379,thawed,31
380,skinned,31
381,full,30
382,parsnips,30
383,bean,30
384,seasoning,30
385,oranges,30
386,strawberry,30
387,rolls,30
388,maple,30
389,strong,30
390,sea,29
391,redcurrant,29
392,skimmed,29
393,broad,29
394,sprig,29
395,oats,29
396,squeezed,29
397,pomegranate,29
398,wild,29
399,leg,29
400,peanut,29
401,haddock,29
402,breasts,29
403,easy,28
404,walnuts,28
405,single,28
406,old,28
407,skinless,28
408,great,27
409,courgette,27
410,dissolved,27
411,bags,27
412,condensed,27
413,pizza,27
414,french,26
415,raisins,26
416,unsmoked,26
417,raising,26
418,roasted,26
419,arborio,26
420,self,26
421,dressing,25
422,creamy,25
423,freshness,25
424,tortillas,25
425,pesto,25
426,pecans,25
427,custard,25
428,capers,25
429,cranberries,25
430,masala,25
431,digestive,25
432,defrosted,25
433,sage,24
434,tastes,24
435,weighed,24
436,yeast,24
437,colour,24
438,edward,24
439,glaze,24
440,pointed,24
441,gravy,24
442,days,24
443,hazelnuts,24
444,horseradish,24
445,back,24
446,mexican,24
447,whipping,23
448,buns,23
449,garam,23
450,ciabatta,23
451,kidney,23
452,demerara,23
453,dust,23
454,aubergines,23
455,gammon,23
456,lighter,23
457,aubergine,23
458,ready-to-roll,22
459,scottish,22
460,desiccated,22
461,veg,22
462,granules,22
463,flavour,22
464,baguette,22
465,spread,22
466,shaved,22
467,naan,22
468,blackberries,22
469,breads,22
470,sherry,22
471,low-fat,22
472,groundnut,22
473,tenderstem,22
474,shelled,22
475,penne,22
476,watercress,22
477,rhubarb,22
478,eating,21
479,limes,21
480,gelatine,21
481,thigh,21
482,brandy,21
483,passata,20
484,peaches,20
485,english,20
486,sour,20
487,giant,20
488,low,20
489,quarters,20
490,eat,20
491,boiling,20
492,bottle,20
493,stir-fry,20
494,pears,20
495,peanuts,20
496,napolina,20
497,rum,19
498,conserve,19
499,royal,19
500,fine,19
501,chips,19
502,smooth,19
503,organic,19
504,avocado,19
505,squares,19
506,cointreau,19
507,sirloin,18
508,greek-style,18
509,pitta,18
510,salsa,18
511,almond,18
512,marzipan,18
513,fennel,18
514,flat,18
515,coffee,18
516,porridge,18
517,peppercorns,18
518,bramley,17
519,romaine,17
520,topped,17
521,pods,17
522,balls,17
523,wraps,17
524,shoulder,17
525,brussels,17
526,saffron,17
527,marmalade,17
528,steamed,17
529,such,17
530,even-sized,17
531,halloumi,17
532,plums,17
533,stilton,17
534,ricotta,17
535,rump,17
536,baker’s,17
537,marshmallows,16
538,kale,16
539,jus-rol,16
540,snap,16
541,avocados,16
542,mash,16
543,currants,16
544,pancetta,16
545,sprinkles,16
546,knorr,16
547,blanched,16
548,instant,16
549,cardamom,16
550,lettuces,16
551,gluten-free,16
552,brioche,16
553,chantenay,16
554,duck,15
555,coarse-grain,15
556,wheat,15
557,tin,15
558,beansprouts,15
559,gluten,15
560,treacle,15
561,poppy,15
562,room,15
563,temperature,15
564,tarragon,15
565,other,15
566,tailed,15
567,lemonade,15
568,flesh,15
569,glacé,15
570,fry,15
571,carnation,15
572,stalks,15
573,seedless,15
574,star,14
575,growers,14
576,canned,14
577,burger,14
578,sprouts,14
579,litre,14
580,pistachio,14
581,savoy,14
582,herb,14
583,long-grain,14
584,anise,14
585,allspice,14
586,full-fat,14
587,creamed,14
588,minced,14
589,not,14
590,dates,14
591,crunchy,14
592,size,14
593,thighs,14
594,pod,14
595,brine,14
596,risotto,14
597,tortilla,14
598,mackerel,14
599,flora,14
600,fruits,14
601,banana,14
602,well,14
603,tagliatelle,14
604,batons,13
605,lasagne,13
606,pots,13
607,ready-made,13
608,spray,13
609,good&,13
610,loaf,13
611,pure,13
612,head,13
613,peel,13
614,peeler,13
615,cranberry,13
616,essence,13
617,range,13
618,crumbs,13
619,fusilli,13
620,choi,13
621,jumbo,13
622,all,13
623,coarsely,13
624,heaped,13
625,nectarines,13
626,pak,13
627,tips,13
628,serving,12
629,fishmonger’s,12
630,drumsticks,12
631,rose,12
632,sieved,12
633,casserole,12
634,tiger,12
635,goats,12
636,garden,12
637,slice,12
638,gin,12
639,tabasco,12
640,ready-to-eat,12
641,zested,12
642,prosciutto,12
643,pickled,12
644,firm,12
645,wholegrain,12
646,lolly,12
647,piri,12
648,ale,12
649,your,12
650,figs,12
651,steam,12
652,yoghurt,12
653,gherkins,12
654,mediterranean,12
655,slightly,12
656,harissa,12
657,fat-free,12
658,buttermilk,12
659,chestnuts,12
660,fingers,12
661,ball,12
662,paper,11
663,cold-pressed,11
664,taste,11
665,passion,11
666,swede,11
667,stir,11
668,coleslaw,11
669,life,11
670,deli,11
671,balti,11
672,ribbons,11
673,oyster,11
674,decorating,11
675,short,11
676,button,11
677,spanish,11
678,river,11
679,hard,11
680,kg,11
681,litres,11
682,granny,11
683,walnut,11
684,madeira,11
685,depending,11
686,berries,11
687,chinese,11
688,sparkling,11
689,portobello,11
690,kneading,11
691,smarties,11
692,topper,11
693,schwartz,11
694,chops,11
695,de,10
696,pinto,10
697,counter,10
698,chunky,10
699,any,10
700,whipped,10
701,cordial,10
702,muscovado,10
703,pecan,10
704,pouch,10
705,grapes,10
706,moroccan,10
707,matchsticks,10
708,macaroni,10
709,coloured,10
710,chipotle,10
711,halves,10
712,greens,10
713,clementines,10
714,preferably,10
715,sprinkling,10
716,tub,10
717,packet,10
718,quinoa,10
719,sundried,10
720,caramel,10
721,lemongrass,10
722,squeeze,10
723,piping,10
724,sheet,10
725,parma,10
726,snipped,10
727,sausage,10
728,smith,10
729,dragon,10
730,tahini,10
731,hulled,10
732,punnet,10
733,tops,9
734,basic,9
735,gold,9
736,trout,9
737,snaps,9
738,cases,9
739,liqueur,9
740,hearts,9
741,merchant,9
742,chargrilled,9
743,mussels,9
744,mangoes,9
745,mushroom,9
746,pearl,9
747,scallops,9
748,eye,9
749,cumberland,9
750,medium-sized,9
751,sweets,9
752,spears,9
753,pudding,9
754,evaporated,9
755,cartons,9
756,lancashire,9
757,fraiche,9
758,wooden,9
759,warmed,9
760,instructions,9
761,tube,9
762,base,9
763,port,9
764,cashew,9
765,fondant,9
766,choice,9
767,gourmet,9
768,grape,9
769,real,9
770,spicy,9
771,sponge,9
772,skewers,8
773,home,8
774,grease,8
775,wensleydale,8
776,rind,8
777,jerk,8
778,left,8
779,kalamata,8
780,cracked,8
781,cress,8
782,stems,8
783,deep,8
784,cobbler,8
785,brisket,8
786,jasmine,8
787,casero,8
788,crusts,8
789,belly,8
790,stale,8
791,unpeeled,8
792,heart,8
793,rainbow,8
794,cured,8
795,silver,8
796,discarded,8
797,curd,8
798,lard,8
799,juiced,8
800,malt,8
801,stuff,8
802,side,8
803,ribs,8
804,gruyere,8
805,split,8
806,nutella,8
807,dip,8
808,parsnip,8
809,elderflower,8
810,ends,8
811,haricot,8
812,udon,8
813,baked,8
814,dairy,8
815,prosecco,8
816,happy,8
817,shells,8
818,meat,8
819,sourdough,8
820,cajun,8
821,sweetener,7
822,vodka,7
823,writing,7
824,vegetarian,7
825,wholewheat,7
826,unwashed,7
827,create,7
828,colours,7
829,patted,7
830,tea,7
831,gnocchi,7
832,cre?me,7
833,daffodils,7
834,korma,7
835,no,7
836,spoon,7
837,oak,7
838,pear,7
839,fajita,7
840,grilled,7
841,toast,7
842,liquid,7
843,diagonally,7
844,tubs,7
845,soup,7
846,pie,7
847,bulgur,7
848,bbq,7
849,approx,7
850,fork,7
851,semi-dried,7
852,puree,7
853,iceberg,7
854,dash,7
855,houmous,7
856,filling,7
857,tough,7
858,cadbury,7
859,reserved,7
860,thick-cut,7
861,cooled,7
862,warm,7
863,hartley’s,7
864,bone,7
865,top,7
866,peach,7
867,seed,7
868,toffee,7
869,coating,7
870,melon,7
871,cornflakes,7
872,bite-size,7
873,thumb-sized,7
874,gruyère,7
875,creme,7
876,anchovy,7
877,blend,7
878,grapefruit,7
879,summer,7
880,croutons,7
881,lincolnshire,7
882,destoned,7
883,polenta,6
884,mixture,6
885,rounds,6
886,venison,6
887,worcester,6
888,oz,6
889,frais,6
890,skins,6
891,padano,6
892,quarter,6
893,easy-bake,6
894,core,6
895,preserve,6
896,tartare,6
897,oven,6
898,birds,6
899,seeded,6
900,buttercream,6
901,handfuls,6
902,kiwi,6
903,gherkin,6
904,vacuum-packed,6
905,square,6
906,petit,6
907,nam,6
908,fed,6
909,ripened,6
910,least,6
911,tandoori,6
912,matchmakers,6
913,pla,6
914,grana,6
915,cm,6
916,guinness,6
917,decorations,6
918,farmhouse,6
919,frosting,6
920,cashews,6
921,pinches,6
922,el,6
923,portions,6
924,rich,6
925,tender,6
926,diet,6
927,crab,6
928,leicester,6
929,crumble,6
930,ready-rolled,6
931,charlotte,6
932,borlotti,6
933,clotted,6
934,line,6
935,farfalle,6
936,cauldron,6
937,sachets,6
938,drink,6
939,then,6
940,bars,6
941,caught,6
942,bulb,6
943,fromage,6
944,goose,5
945,typically,5
946,provence,5
947,season,5
948,whisky,5
949,north,5
950,muffin,5
951,squeezy,5
952,crisps,5
953,heads,5
954,suet,5
955,nests,5
956,hoisin,5
957,pure?e,5
958,wok,5
959,strands,5
960,meringues,5
961,according,5
962,celeriac,5
963,tzatziki,5
964,concentrate,5
965,colmans,5
966,swiss,5
967,picked,5
968,total,5
969,shavings,5
970,rub,5
971,muffins,5
972,semi,5
973,goat’s,5
974,lea,5
975,prime,5
976,macadamia,5
977,truvia,5
978,wings,5
979,poppadums,5
980,rings,5
981,emmental,5
982,be,5
983,sumac,5
984,tikka,5
985,simply,5
986,micro,5
987,caesar,5
988,popcorn,5
989,rosewater,5
990,madras,5
991,semolina,5
992,stewing,5
993,mincemeat,5
994,barley,5
995,purple,5
996,bulbs,5
997,artichokes,5
998,decoration,5
999,plaice,5
1000,petals,5
1001,dominican,5
1002,sunfower,5
1003,flower,5
1004,seasoned,5
1005,american,5
1006,make,5
1007,scrubbed,5
1008,poached,5
1009,bright,5
1010,hartleys,5
1011,scot,5
1012,all-butter,5
1013,sugarsnap,5
1014,pois,5
1015,aromatico,5
1016,approximately,5
1017,frai?che,5
1018,prunes,5
1019,splash,5
1020,perrins,5
1021,meringue,5
1022,segments,5
1023,slivers,5
1024,tartar,5
1025,rigatoni,5
1026,frylight,5
1027,gutted,5
1028,atlantic,5
1029,bass,5
1030,tofu,5
1031,packed,5
1032,good-quality,5
1033,pittas,5
1034,shiitake,5
1035,bar,4
1036,see,4
1037,panko,4
1038,yorkshire,4
1039,beer,4
1040,burgers,4
1041,bits,4
1042,naans,4
1043,easter,4
1044,pearls,4
1045,pressed,4
1046,granola,4
1047,grade,4
1048,elmlea,4
1049,cobs,4
1050,melis,4
1051,cocktail,4
1052,rye,4
1053,fibre,4
1054,roots,4
1055,marinade,4
1056,ivory,4
1057,flatbreads,4
1058,raita,4
1059,chipolata,4
1060,cleaned,4
1061,fried,4
1062,wedge,4
1063,angus,4
1064,crystallised,4
1065,pricked,4
1066,supercook,4
1067,west,4
1068,quantity,4
1069,nielsen-massey,4
1070,prepared,4
1071,reserve,4
1072,farm,4
1073,set,4
1074,savoury,4
1075,opies,4
1076,glimmer,4
1077,regal-ice,4
1078,cantaloupe,4
1079,tia,4
1080,sized,4
1081,sauvignon,4
1082,paso,4
1083,scotch,4
1084,kit,4
1085,watermelon,4
1086,butterbeans,4
1087,sprays,4
1088,exotic,4
1089,heinz,4
1090,drizzling,4
1091,linguine,4
1092,luxury,4
1093,finish,4
1094,wiltshire,4
1095,tails,4
1096,concentrated,4
1097,mallows,4
1098,rounded,4
1099,gorgonzola,4
1100,camembert,4
1101,jars,4
1102,maria,4
1103,crispy,4
1104,hazelnut,4
1105,giblets,4
1106,arrowroot,4
1107,recipe,4
1108,strip,4
1109,escalopes,4
1110,are,4
1111,braising,4
1112,also,4
1113,marsala,4
1114,crisp,4
1115,buttons,4
1116,board,4
1117,shimmer,4
1118,used,4
1119,cabernet,4
1120,beetroots,4
1121,aberdeen,4
1122,blackcurrant,4
1123,tubes,4
1124,fudge,4
1125,antipasti,4
1126,five,4
1127,raisin-size,4
1128,rest,4
1129,no-bits,4
1130,dogs,4
1131,gressingham,4
1132,gum,4
1133,cool,4
1134,dough,4
1135,lengths,4
1136,berry,4
1137,premium,4
1138,remove,4
1139,need,4
1140,babycorn,4
1141,glucose,4
1142,coast,4
1143,alternative,4
1144,generous,4
1145,somerset,4
1146,caraway,4
1147,pulled,4
1148,ribbon,4
1149,topside,4
1150,vacuum,4
1151,lobster,4
1152,slow,4
1153,bolognese,4
1154,dipping,4
1155,cucumbers,4
1156,fairtrade,3
1157,bite,3
1158,sweetened,3
1159,unsliced,3
1160,lardons,3
1161,drizzle,3
1162,joints,3
1163,lager,3
1164,valencian,3
1165,hovis,3
1166,batard,3
1167,an,3
1168,pâté,3
1169,divided,3
1170,blitzed,3
1171,mallow,3
1172,pimms,3
1173,we,3
1174,puddings,3
1175,bulgar,3
1176,unprepared,3
1177,barbecue,3
1178,glacier,3
1179,portion,3
1180,sriracha,3
1181,stone,3
1182,bakery,3
1183,bashed,3
1184,indian,3
1185,xanthan,3
1186,chow,3
1187,honeydew,3
1188,vinaigrette,3
1189,runny,3
1190,assorted,3
1191,crosses,3
1192,nut,3
1193,they,3
1194,malibu,3
1195,distilled,3
1196,regal,3
1197,string,3
1198,belgian,3
1199,conchiglie,3
1200,whiskey,3
1201,box,3
1202,tip,3
1203,mints,3
1204,straight,3
1205,chick,3
1206,lukewarm,3
1207,shaping,3
1208,irish,3
1209,deep-frying,3
1210,it,3
1211,glace,3
1212,choco,3
1213,cola,3
1214,starter,3
1215,coxs,3
1216,mins,3
1217,added,3
1218,twists,3
1219,porcini,3
1220,cornish,3
1221,shortbread,3
1222,rib,3
1223,seafood,3
1224,store,3
1225,wholefoods,3
1226,boned,3
1227,quark,3
1228,undyed,3
1229,keep,3
1230,in-store,3
1231,meatballs,3
1232,tamarind,3
1233,gels,3
1234,moulds,3
1235,pimm’s,3
1236,preserving,3
1237,medallions,3
1238,de-frosted,3
1239,fridge,3
1240,christmas,3
1241,lyles,3
1242,smartprice,3
1243,freedom,3
1244,chop,3
1245,just,3
1246,reason,3
1247,legs,3
1248,naturally,3
1249,part,3
1250,baileys,3
1251,gala,3
1252,brie,3
1253,bakers,3
1254,bitesize,3
1255,waxy,3
1256,fox’s,3
1257,margarine,3
1258,cookies,3
1259,live,3
1260,freeze,3
1261,mayo,3
1262,jalapeños,3
1263,sprinkle,3
1264,coarsley,3
1265,lion,3
1266,whisked,3
1267,possible,3
1268,belts,3
1269,dessert,3
1270,another,3
1271,radish,3
1272,decorate:,3
1273,segmented,3
1274,fiery,3
1275,stuffing,3
1276,browning,3
1277,mandarin,3
1278,ideally,3
1279,serrano,3
1280,pouches,3
1281,laces,3
1282,cadburys,3
1283,glazing,3
1284,carved,3
1285,poppadoms,3
1286,pecorino,3
1287,kitchen,3
1288,satsumas,3
1289,whitworths,3
1290,warburtons,3
1291,stalk,3
1292,tots,3
1293,republic,3
1294,fettuccine,3
1295,infused,3
1296,bagels,3
1297,leafy,3
1298,best,3
1299,platinum,3
1300,ribeye,3
1301,cones,3
1302,ultra,3
1303,london,3
1304,hollandaise,3
1305,relish,3
1306,mein,3
1307,using,3
1308,oiling,3
1309,bistro,3
1310,violet,3
1311,malted,3
1312,day,3
1313,ambrosia,3
1314,pale,3
1315,atora,3
1316,classic,3
1317,stew,3
1318,biscuit,3
1319,angels,3
1320,milder,3
1321,morello,3
1322,taco,3
1323,guacamole,3
1324,third,3
1325,mikado,3
1326,calorie-free,3
1327,glitter,2
1328,crocker,2
1329,colourings,2
1330,country,2
1331,chipolatas,2
1332,uncooked,2
1333,have,2
1334,condiment,2
1335,de-stoned,2
1336,juniper,2
1337,caerphilly,2
1338,queen,2
1339,grand,2
1340,sandwich,2
1341,pilau,2
1342,caulifower,2
1343,gloucester,2
1344,modena,2
1345,flatbread,2
1346,reggae,2
1347,pretzels,2
1348,edamame,2
1349,pate,2
1350,anchor,2
1351,kinnerton,2
1352,still,2
1353,five-spice,2
1354,treat,2
1355,juices,2
1356,wont,2
1357,forced,2
1358,maltesers,2
1359,es,2
1360,minutes,2
1361,pepperoni,2
1362,soaked,2
1363,rosé,2
1364,leftovers,2
1365,roquefort,2
1366,chicory,2
1367,fries,2
1368,goats’,2
1369,triangles,2
1370,thumb,2
1371,snacking,2
1372,macerated,2
1373,thoroughly,2
1374,fairy,2
1375,herbes,2
1376,pigs,2
1377,parsely,2
1378,chive,2
1379,jalapeño,2
1380,cby,2
1381,cookie,2
1382,cottage,2
1383,quick,2
1384,counted,2
1385,encona,2
1386,sizzle,2
1387,half-fat,2
1388,gingerbread:,2
1389,tumeric,2
1390,yeo,2
1391,cardamon,2
1392,caramelised,2
1393,more,2
1394,matcha,2
1395,feeding,2
1396,créme,2
1397,skin-on,2
1398,glass,2
1399,brocolli,2
1400,stars,2
1401,sky,2
1402,blankets,2
1403,enough,2
1404,indonesian,2
1405,shots,2
1406,galaxy,2
1407,devon,2
1408,batchelors,2
1409,kernels,2
1410,delicious,2
1411,quality,2
1412,street,2
1413,betty,2
1414,pith,2
1415,american-style,2
1416,tinned,2
1417,baguettes,2
1418,anchovies,2
1419,boudoir,2
1420,hundreds,2
1421,bonfire,2
1422,woody,2
1423,smash,2
1424,marmite,2
1425,pectin,2
1426,plastic,2
1427,sicilian,2
1428,individual,2
1429,oreo,2
1430,short-cut,2
1431,powdered,2
1432,tomkin,2
1433,bonnet,2
1434,ras,2
1435,chip,2
1436,pint,2
1437,cuts,2
1438,knife,2
1439,deseed,2
1440,conference,2
1441,glove,2
1442,posh,2
1443,stores,2
1444,dollop,2
1445,chiller,2
1446,griddled,2
1447,orzo,2
1448,carnaroli,2
1449,scoops,2
1450,kiln,2
1451,crust,2
1452,bessie’s,2
1453,princes,2
1454,racks,2
1455,crunchies,2
1456,block,2
1457,dry-fried,2
1458,mission,2
1459,baton,2
1460,percent,2
1461,pen,2
1462,foil,2
1463,raisin,2
1464,good&balanced,2
1465,doves,2
1466,trimmings,2
1467,clementine,2
1468,bourbon,2
1469,cupcake,2
1470,approximate,2
1471,variety,2
1472,horizontally,2
1473,frenchs,2
1474,chambord,2
1475,trifle,2
1476,rack,2
1477,quantities,2
1478,heated,2
1479,mcdougalls,2
1480,marinated,2
1481,available,2
1482,simmer,2
1483,forest,2
1484,cracker,2
1485,focaccia,2
1486,dish,2
1487,silverspoon,2
1488,pollock,2
1489,cos,2
1490,loaves,2
1491,day-old,2
1492,linseeds,2
1493,paella,2
1494,evenly,2
1495,jus,2
1496,hanout,2
1497,eyes,2
1498,thousands,2
1499,valley,2
1500,needed,2
1501,dairylea,2
1502,wafers,2
1503,molasses,2
1504,shredless,2
1505,shape,2
1506,fishmonger,2
1507,candy,2
1508,paccheri,2
1509,sprouting,2
1510,brush,2
1511,could,2
1512,champagne,2
1513,norwegian,2
1514,elizabeth,2
1515,romano,2
1516,urban,2
1517,cup,2
1518,herby,2
1519,danish,2
1520,edible,2
1521,bunches,2
1522,crunch,2
1523,royals,2
1524,refried,2
1525,dressed,2
1526,krispies,2
1527,bites,2
1528,favourite,2
1529,desiree,2
1530,dolly,2
1531,beefsteak,2
1532,tepid,2
1533,pop,2
1534,mould,2
1535,pops,2
1536,canadian,2
1537,kahlua,2
1538,bloomer,2
1539,tins,2
1540,ciabattas,2
1541,marie,2
1542,snowflakes,2
1543,fishmongers,2
1544,choc,2
1545,matured,2
1546,aunt,2
1547,drop,2
1548,fizz,2
1549,oatmeal,2
1550,milkybar,2
1551,highland,2
1552,filled,2
1553,puréed,2
1554,quorn,2
1555,processor,2
1556,grinder,2
1557,mushy,2
1558,sultana,2
1559,jersey,2
1560,twin,2
1561,pea,2
1562,end,2
1563,camp,2
1564,medium-size,2
1565,including,2
1566,shreds,2
1567,coulis,2
1568,philadelphia,2
1569,sharwoods,2
1570,mezzi,2
1571,truffles,2
1572,seasonal,2
1573,curls,2
1574,tropical,2
1575,sapphire,2
1576,chunk,2
1577,soya,2
1578,mulled,2
1579,cava,2
1580,sponges,2
1581,pastel,2
1582,pour,2
1583,marnier,2
1584,preferred,2
1585,asdas,2
1586,digestives,2
1587,iberico,2
1588,askeys,2
1589,marabel,2
1590,welsh,2
1591,corned,2
1592,solid,2
1593,shapes,2
1594,ghee,2
1595,squashed,2
1596,steeped,2
1597,carbonara,2
1598,sausagemeat,2
1599,melba,2
1600,peppercorn,2
1601,dog,2
1602,case,2
1603,gingernut,2
1604,cox,2
1605,rindless,2
1606,low-salt,2
1607,discard,2
1608,blended,2
1609,mace,2
1610,slider,2
1611,bombay,2
1612,overnight,2
1613,strained,2
1614,bunched,2
1615,cake:,2
1616,lychees,2
1617,german,2
1618,peelings,2
1619,gruye?re,2
1620,smallish,2
1621,sun,2
1622,isabels,2
1623,outer,2
1624,family,2
1625,stacker,1
1626,fruttis,1
1627,marilyn,1
1628,tex,1
1629,crowning,1
1630,semicircles,1
1631,nandos,1
1632,redcurrants,1
1633,punch,1
1634,alpen,1
1635,hendrick’s,1
1636,praline,1
1637,mug,1
1638,altogether,1
1639,rogan,1
1640,four,1
1641,pappardelle,1
1642,boule,1
1643,brownsugar,1
1644,pair,1
1645,chcken,1
1646,partly,1
1647,wrapper,1
1648,rasperries,1
1649,crinkle,1
1650,full-fate,1
1651,gs,1
1652,thompson,1
1653,breadmaking,1
1654,mum’s,1
1655,minimum,1
1656,niblets,1
1657,salami,1
1658,hake,1
1659,fibres,1
1660,monte,1
1661,course,1
1662,canderel,1
1663,cloudy,1
1664,burn,1
1665,mex,1
1666,shoots,1
1667,drinking,1
1668,necessary,1
1669,kippers,1
1670,mooli,1
1671,serve:,1
1672,makes,1
1673,bonnets,1
1674,elswood,1
1675,fronds,1
1676,peri-peri,1
1677,mars,1
1678,stroganoff,1
1679,beansprout,1
1680,ones,1
1681,pipers,1
1682,caribbean,1
1683,za’atar,1
1684,person,1
1685,almondschopped,1
1686,verdi,1
1687,tomatoeshalved,1
1688,amaretto,1
1689,birdseye,1
1690,discs,1
1691,sunday,1
1692,sultana-sized,1
1693,alpro,1
1694,genius,1
1695,coca,1
1696,thinned,1
1697,kind,1
1698,frankfurters,1
1699,guajillo,1
1700,squirts,1
1701,brazils,1
1702,moscatel,1
1703,outdoor,1
1704,soups,1
1705,mixed-size,1
1706,perry,1
1707,green-vegetable,1
1708,exra,1
1709,choose,1
1710,baharat,1
1711,sake,1
1712,pound,1
1713,pays,1
1714,falafel,1
1715,clearspring,1
1716,youpressed,1
1717,lengthwise,1
1718,decoration*,1
1719,cheshire,1
1720,must,1
1721,jug,1
1722,even,1
1723,buck’s,1
1724,raisin-sized,1
1725,vanila,1
1726,remainder,1
1727,course-grain,1
1728,just-ripe,1
1729,coco,1
1730,simmered,1
1731,noses,1
1732,ye,1
1733,preferable,1
1734,sun-blushed,1
1735,apetina,1
1736,unrefined,1
1737,belvoir,1
1738,pared,1
1739,acacia,1
1740,ready-meals,1
1741,shloer,1
1742,vine-on,1
1743,cups,1
1744,monk,1
1745,salt-free,1
1746,panini,1
1747,paneer,1
1748,stripped,1
1749,crumb,1
1750,müller,1
1751,grey,1
1752,blender,1
1753,popping,1
1754,tilda,1
1755,ready-,1
1756,specialty,1
1757,santa,1
1758,lamc,1
1759,multiseededciabatta,1
1760,bunnies,1
1761,chateaubriand,1
1762,wasabi,1
1763,fajitas,1
1764,dips,1
1765,log,1
1766,mixed-colour,1
1767,lobsters,1
1768,peppadew,1
1769,tequila,1
1770,florentines,1
1771,fllets,1
1772,dunkers,1
1773,adzuki,1
1774,allowing,1
1775,meridian,1
1776,kallo,1
1777,zealand,1
1778,pickles,1
1779,blackberry,1
1780,terrys,1
1781,crudite,1
1782,adding,1
1783,tuxedo,1
1784,matchmaker,1
1785,buls,1
1786,neufchâtel,1
1787,satin,1
1788,puy,1
1789,dessicated,1
1790,will,1
1791,liver,1
1792,spirali,1
1793,braeburn,1
1794,holly,1
1795,fruittella,1
1796,potatoespeeled,1
1797,equal-sized,1
1798,scoop,1
1799,different,1
1800,crumbles,1
1801,mccartney,1
1802,rods,1
1803,miso,1
1804,menthe,1
1805,chilean,1
1806,brain,1
1807,fresno,1
1808,sirlion,1
1809,desicated,1
1810,jambrown,1
1811,scored,1
1812,so,1
1813,smashed,1
1814,sweetcure,1
1815,medley,1
1816,gouda,1
1817,silverside,1
1818,america,1
1819,sides,1
1820,shell-on,1
1821,healthier,1
1822,closed,1
1823,cannelini,1
1824,butterhead,1
1825,garni,1
1826,youre,1
1827,bream,1
1828,ribboned,1
1829,sloe,1
1830,growing,1
1831,cobettes,1
1832,onionssliced,1
1833,higher-welfare,1
1834,floury,1
1835,cabbageshredded,1
1836,favourites,1
1837,traditional,1
1838,butler’s,1
1839,professional,1
1840,gratin,1
1841,contains,1
1842,cooks,1
1843,unflavoured,1
1844,whitechapel,1
1845,nachos,1
1846,running,1
1847,wash,1
1848,cake-pop,1
1849,reeses,1
1850,over-ripe,1
1851,bitters,1
1852,borders,1
1853,shorties,1
1854,bluberries,1
1855,buttered,1
1856,linda,1
1857,excellence,1
1858,campari,1
1859,bowl,1
1860,feathery,1
1861,orkney,1
1862,artichoke,1
1863,crespo,1
1864,olde,1
1865,intense,1
1866,sold,1
1867,bruised,1
1868,sunshine,1
1869,crudites,1
1870,york,1
1871,egyptian,1
1872,bamboo,1
1873,shortie,1
1874,bacon-flavoured,1
1875,andcut,1
1876,zets,1
1877,bake-it-fresh,1
1878,buttery,1
1879,brot,1
1880,share,1
1881,medallion,1
1882,gelatin,1
1883,resemble,1
1884,koko,1
1885,basket,1
1886,chia,1
1887,rubbing,1
1888,italian-style,1
1889,kinder,1
1890,coin,1
1891,sprinkled,1
1892,marcona,1
1893,properly,1
1894,carne,1
1895,making,1
1896,halve,1
1897,jazz,1
1898,cannelloni,1
1899,container,1
1900,slit,1
1901,madagascan,1
1902,fine-cut,1
1903,ancho,1
1904,wonton,1
1905,kikkoman,1
1906,brut,1
1907,moisture,1
1908,juicy,1
1909,falls,1
1910,neck,1
1911,bons,1
1912,monkfish,1
1913,aperol,1
1914,big,1
1915,stones,1
1916,fill,1
1917,kansas,1
1918,pies,1
1919,everest,1
1920,colander,1
1921,party,1
1922,millions,1
1923,swerve,1
1924,spreadable,1
1925,bones,1
1926,scissors,1
1927,cornstarch,1
1928,one-third,1
1929,chucks,1
1930,homemade,1
1931,sour-dough,1
1932,work,1
1933,leavesto,1
1934,sweetening,1
1935,deboned,1
1936,giganti,1
1937,sharwood’s,1
1938,choppe,1
1939,patak’s,1
1940,squirt,1
1941,rollmops,1
1942,schneider,1
1943,redonion,1
1944,lindt,1
1945,stand,1
1946,tutti,1
1947,hard-boiled,1
1948,john,1
1949,timperley,1
1950,breadsticks,1
1951,dauphinoise,1
1952,hp,1
1953,packets,1
1954,bronze,1
1955,décor,1
1956,spare,1
1957,jet,1
1958,yogurt-covered,1
1959,wagyu,1
1960,rasher,1
1961,shell,1
1962,uice,1
1963,casing,1
1964,frosting:,1
1965,perfect,1
1966,cutlets,1
1967,crackers,1
1968,containers,1
1969,growers’,1
1970,blossom,1
1971,esssence,1
1972,marscapone,1
1973,temptingly,1
1974,shank,1
1975,oven-roasted,1
1976,chickpea,1
1977,groundcinnamon,1
1978,cardamoms,1
1979,rib-eye,1
1980,norfolk,1
1981,medjool,1
1982,moroccan-style,1
1983,microleaves,1
1984,kissed,1
1985,flame,1
1986,persimmons,1
1987,aerosol,1
1988,yougreat,1
1989,eyeballs,1
1990,tenderheart,1
1991,peppermint,1
1992,singapore,1
1993,bon,1
1994,pastrami,1
1995,dont,1
1996,italfresco,1
1997,petits,1
1998,finally,1
1999,cornchips,1
2000,tout,1
2001,battery,1
2002,tie,1
2003,hellmans,1
2004,portuguese,1
2005,ordinary,1
2006,halkidiki,1
2007,farms,1
2008,napoleon,1
2009,vitalite,1
2010,nibs,1
2011,morinaga,1
2012,bottom,1
2013,fino,1
2014,chantennay,1
2015,dressing:,1
2016,stuffed,1
2017,bonduelle,1
2018,vsop,1
2019,reserving,1
2020,pressé,1
2021,shichimi,1
2022,thin-cut,1
2023,de-cored,1
2024,citrus,1
2025,freekeh,1
2026,fryer,1
2027,butchers’,1
2028,coarsegrain,1
2029,oodles,1
2030,cross,1
2031,azera,1
2032,high,1
2033,crystals,1
2034,corn-fed,1
2035,falafels,1
2036,jambalaya,1
2037,extra-thick,1
2038,smoky,1
2039,lightlybeaten,1
2040,chocolatechopped,1
2041,katsu,1
2042,kaffir,1
2043,virtually,1
2044,vine-ripenend,1
2045,jar;,1
2046,safe,1
2047,nozzle,1
2048,sub,1
2049,flavouring,1
2050,long-life,1
2051,samphire,1
2052,extras,1
2053,minis,1
2054,dateschopped,1
2055,assortment,1
2056,icing:,1
2057,choppped,1
2058,piquante?,1
2059,youhot,1
2060,liquorice,1
2061,sugarflair,1
2062,just-roll,1
2063,spilt,1
2064,finger,1
2065,mushroomshalved,1
2066,flageolet,1
2067,icelandic,1
2068,buttersoftened,1
2069,valencia,1
2070,nocellara,1
2071,jus-roll,1
2072,once,1
2073,pea-sized,1
2074,deli-style,1
2075,worcestshire,1
2076,‘liquorice’*,1
2077,amounts,1
2078,hand,1
2079,stirred,1
2080,coldwater,1
2081,smokedpaprika,1
2082,mu?re,1
2083,mexican-style,1
2084,grates,1
2085,oxo,1
2086,kelloggs,1
2087,dripping,1
2088,teaspoon,1
2089,may,1
2090,under-ripe,1
2091,support,1
2092,tail,1
2093,go,1
2094,roulé,1
2095,tealights,1
2096,freezer,1
2097,alphonso,1
2098,cappuccino,1
2099,pomegranates,1
2100,cal,1
2101,rosenborg,1
2102,colman’s,1
2103,peppered,1
2104,tobake,1
2105,d’italia,1
2106,thicker,1
2107,gruyére,1
2108,standard,1
2109,non,1
2110,that,1
2111,almondsto,1
2112,aperitivo,1
2113,foxs,1
2114,xantham,1
2115,leaving,1
2116,mange,1
2117,mcewan’s,1
2118,meat-free,1
2119,worrall,1
2120,rioja,1
2121,kickin’,1
2122,frâiche,1
2123,straight-to-wok,1
2124,sharp,1
2125,pips,1
2126,byyou,1
2127,del,1
2128,creative,1
2129,contain,1
2130,japanese,1
2131,coat,1
2132,breakfast,1
2133,earl,1
2134,crostini,1
2135,strength,1
2136,lowlow,1
2137,edwards,1
2138,tablespoon,1
2139,action,1
2140,mrs,1
2141,finelt,1
2142,bananasjust,1
2143,pickle,1
2144,panettone,1
2145,reindeer,1
2146,brilliantly,1
2147,fiddes,1
2148,liked,1
2149,trex,1
2150,courvoisier,1
2151,brownie,1
2152,nibbed,1
2153,unrolled,1
2154,clams,1
2155,korean,1
2156,city,1
2157,angostura,1
2158,cheerios,1
2159,hollow,1
2160,sugar-coated,1
2161,youfat,1
2162,their,1
2163,kiwis,1
2164,type,1
2165,mineral,1
2166,wand,1
2167,ramekins,1
2168,gold-wrapped,1
2169,dukkah,1
2170,fizzy,1
2171,spiralized,1
2172,malaysian,1
2173,shaw,1
2174,try,1
2175,touch,1
2176,antony,1
2177,bases,1
2178,jalapen?os,1
2179,uht,1
2180,take,1
2181,crisp-fried,1
2182,coated,1
2183,ready-washed,1
2184,marbell,1
2185,soft-boiled,1
2186,sorbet,1
2187,veggie,1
2188,couple,1
2189,spares,1
2190,don’t,1
2191,rowntree’s,1
2192,cooker,1
2193,separate,1
2194,cornets,1
2195,fine-leaf,1
2196,naturalyogurt,1
2197,pain,1
2198,carotino,1
2199,berio,1
2200,adsa,1
2201,freeze-dried,1
2202,tetra,1
2203,jalapeno,1
2204,hour,1
2205,chocolatebeans,1
2206,oatflakes,1
2207,bottles,1
2208,russet,1
2209,crumbly,1
2210,pernod,1
2211,time!,1
2212,springs,1
2213,aisle,1
2214,baby-plum,1
2215,taj,1
2216,bird’s,1
2217,snowman,1
2218,aleyna,1
2219,cakecraft,1
2220,kingfisher,1
2221,piccalilli,1
2222,wide,1
2223,sorrento,1
2224,sources,1
2225,flying,1
2226,pâtissière,1
2227,smoothie,1
2228,tempranillo,1
2229,jellied,1
2230,pan-fried,1
2231,reduced-,1
2232,grapefruits,1
2233,even-size,1
2234,sugar-free,1
2235,szechuan,1
2236,crumpets,1
2237,pulp,1
2238,finishing,1
2239,larges,1
2240,champion,1
2241,edam,1
2242,flambé,1
2243,greasing>,1
2244,teryaki,1
2245,ice-cream,1
2246,eden,1
2247,alla,1
2248,seaweed,1
2249,payne,1
2250,sustainable,1
2251,shitake,1
2252,blacks,1
2253,lemonjuice,1
2254,is,1
2255,daniels,1
2256,freesunflower,1
2257,ready-grated,1
2258,black-eyed,1
2259,excess,1
2260,co,1
2261,chocolatemelted,1
2262,blueberry,1
2263,soak,1
2264,kettle,1
2265,grenadine,1
2266,bitter,1
2267,con,1
2268,crudités,1
2269,josh,1
2270,hellmanns,1
2271,sugars,1
2272,thin-sliced,1
2273,diagonal,1
2274,prefer,1
2275,poppyseeds,1
2276,speyburn,1
2277,instead,1
2278,kerry,1
2279,open,1
2280,??tomatoes,1
2281,japan,1
2282,bols,1
2283,cox’s,1
2284,youll,1
2285,jack,1
2286,sizes,1
2287,plantain,1
2288,yellowfin,1
2289,cassis,1
2290,version,1
2291,substitute,1
2292,applewood,1
2293,softlywhipped,1
2294,moons,1
2295,nestlé,1
2296,rudolph,1
2297,pastries,1
2298,vegetablessuch,1
2299,snakes,1
2300,oatie,1
2301,unsweetened,1
2302,hold,1
2303,lambs,1
2304,maldon,1
2305,youngs,1
2306,silken,1
2307,bunny,1
2308,cold-,1
2309,cornichon,1
2310,red’s,1
2311,habanero,1
2312,chopepd,1
2313,leaner,1
2314,stevia,1
2315,yutaka,1
2316,papaya,1
2317,haggis,1
2318,genovese,1
2319,cure,1
2320,chimichurri,1
2321,tangy,1
2322,valfrutta,1
2323,balloons,1
2324,sweets/icing,1
2325,filippo,1
2326,thirds,1
2327,spinachleaves,1
2328,hr,1
2329,turnips,1
2330,chickens,1
2331,potaotes,1
2332,marti,1
2333,pre-cook,1
2334,grains,1
2335,matter,1
2336,blocks,1
2337,plump,1
2338,bisk,1
2339,epicure,1
2340,kirsch,1
2341,espresso,1
2342,required,1
2343,togarashi,1
2344,silverskin,1
2345,bouquet,1
2346,fruitella,1
2347,limoncello,1
2348,canes,1
2349,lemonade:,1
2350,vietnamese,1
2351,neon,1
2352,toppers,1
2353,sparklers,1
2354,billingtons,1
2355,walnutsroughly,1
2356,loaded,1
2357,flavourful,1
2358,passionfruit,1
2359,flutes,1
2360,drambuie,1
2361,treats,1
2362,black-eye,1
2363,steamfresh,1
2364,super,1
2365,fast,1
2366,porter,1
2367,fancies,1
2368,veetee,1
2369,bucks,1
2370,dulse,1
2371,containing,1
2372,totally,1
2373,rainforest,1
2374,too,1
2375,butterkist,1
2376,bred,1
2377,preserved,1
2378,skipjack,1
2379,profiteroles,1
2380,either,1
2381,sizzlin’,1
2382,m&ms,1
2383,home-style,1
2384,massaman,1
2385,bodrum,1
2386,jamaican,1
2387,dunn’s,1
2388,oetkerregal-ice,1
2389,taleggio,1
2390,tablespoons,1
2391,flavoured,1
2392,poppadum’s,1
2393,handles,1
2394,paint,1
2395,roasting,1
2396,mirror,1
2397,conchigliette,1
2398,character,1
2399,heather,1
2400,nescafe?,1
2401,levi,1
2402,cereal,1
2403,roti,1
2404,weetabix,1
2405,shallow,1
2406,thermometer,1
2407,vermouth,1
2408,extra-mature,1
2409,shropshire,1
2410,carrot-,1
2411,cent,1
2412,allsorts,1
2413,dunns,1
2414,multiseeded,1
2415,chill,1
2416,discs/wedges,1
2417,sauces,1
2418,gordon’s,1
2419,cypressa,1
2420,squashweighed,1
2421,reduce,1
2422,thins,1
2423,prawn,1
2424,sardines,1
2425,instructed,1
2426,smiths,1
2427,babies,1
2428,breaded,1
2429,dlsigny,1
2430,cheddar/double,1
2431,mintto,1
2432,sprout,1
2433,sunolive,1
2434,rock,1
2435,jacket,1
2436,shake,1
2437,wafer,1
2438,thumbs,1
2439,lustre,1
2440,black’s,1
2441,croissants,1
2442,shop,1
2443,this,1
2444,cheesecake,1
2445,weighing,1
2446,cuisine,1
2447,pains,1
2448,portabello,1
2449,how,1
2450,doesnt,1
2451,glasses,1
2452,chillis,1
